"Gene","Coef","SE","CI_lower","CI_upper","Pval","I2","Q_Pval"
"CXCL9",-0.207043159831354,0.10161228265618,-0.406199574224371,-0.00788674543833684,0.0415919490024105,0,0.474850015042599
"CXCL10",-0.179457076741604,0.0923326129106396,-0.360425672644936,0.00151151916172748,0.0519444766260183,0,0.856613723765875
"STAT1",-0.122256186220049,0.0906944086414138,-0.300013960756379,0.0555015883162798,0.177657945088902,0,0.65342140559979
"CD8A",-0.260184917488299,0.113332673269235,-0.482312875367644,-0.0380569596089533,0.0216894565102227,0.05359401838286,0.366166314406206
