"Gene","Coef","SE","CI_lower","CI_upper","Pval","I2","Q_Pval","FDR"
"CYT_Rooney",-0.175315792956465,0.336628252700191,-0.835095044427487,0.484463458514557,0.602506519193349,0.132335459246979,0.326308639617153,0.945447078087052
"Teff_McDermott",-0.024216600801351,0.353912936049879,-0.717873209121942,0.66944000751924,0.945447078087052,0.0592411232795386,0.363405251339573,0.945447078087052
