"Gene","Coef","SE","CI_lower","CI_upper","Pval","I2","Q_Pval"
"CXCL9",-0.287600831202076,0.199009152698508,-0.677651603084983,0.102449940680832,0.148411870756758,0.467267005241454,0.0687747879644746
"CXCL10",-0.212585527935711,0.171515648139933,-0.548750021075024,0.123578965203602,0.215177906508392,0.290739275032502,0.196094225355257
"STAT1",-0.238669129761978,0.148178825824838,-0.529094291650094,0.0517560321261369,0.107248812177028,0.0784533656006451,0.369568212699606
"CD8A",-0.269787747969558,0.145226406829571,-0.554426274959679,0.0148507790205626,0.0632109906153449,0.10736423501231,0.34673734520637
