"Gene","Coef","SE","CI_lower","CI_upper","Pval","I2","Q_Pval"
"CXCL9",-0.262791251225654,0.0628512382258166,-0.385977414532002,-0.139605087919307,2.90022272991538e-05,0,0.452761576850561
"CXCL10",-0.196238599820531,0.0579539762322054,-0.309826305996544,-0.0826508936445186,0.000708906877843627,0.000543821366703554,0.4284833919008
"STAT1",-0.148775284911866,0.0772642904059569,-0.300210511398585,0.00265994157485311,0.0541621551623433,0.241876648672951,0.236335528693441
"CD8A",-0.26465748268825,0.059679957139411,-0.381628049280389,-0.14768691609611,9.22380529357347e-06,0.125673184819743,0.332051070552543
