"Cancer_type","Gene","Coef","SE","CI_lower","CI_upper","Pval","I2","Q_Pval","FDR"
"Melanoma","CXCL9",-0.0720363352649962,0.173438519052489,-0.411969586139838,0.267896915609846,0.677891416140778,0.0670778975077786,0.368479976100522,0.811963160372444
"Melanoma","CXCL10",-0.042591456353355,0.179035292979928,-0.39349418255559,0.30831126984888,0.811963160372444,0.139112319410594,0.325543154703844,0.811963160372444
"Melanoma","STAT1",-0.166778995270446,0.197128122356716,-0.553143015429615,0.219585024888722,0.397528396690558,0.200085240531839,0.287242829907876,0.811963160372444
"Melanoma","CD8A",-0.103749077651937,0.170079922713259,-0.437099600663281,0.229601445359406,0.541860542544012,0.0559034459429611,0.374899024341075,0.811963160372444
