"Outcome","Gene","Study","Coef","SE","N","Pval","Cancer_type","Treatment","FDR"
"PFS","CTLA4","ICB_small_Miao",5.02050962486898,2.30459999763806,33,0.0293708159024232,"Kidney","PD-1/PD-L1",0.264337343121809
"PFS","CD83","ICB_small_Miao",0.0660517243042918,0.303091272684344,33,0.827486111786445,"Kidney","PD-1/PD-L1",0.963552678977127
"PFS","STAT1","ICB_small_Miao",0.488484978607417,0.66319486617222,33,0.461387978874968,"Kidney","PD-1/PD-L1",0.963552678977127
"PFS","CXCL9","ICB_small_Miao",-0.226276232861021,0.407133631939404,33,0.578362094202237,"Kidney","PD-1/PD-L1",0.963552678977127
"PFS","CD8A","ICB_small_Miao",0.220883246210775,0.694137767689007,33,0.7503238260882,"Kidney","PD-1/PD-L1",0.963552678977127
"PFS","CXCL13","ICB_small_Miao",0.62943782480102,0.720065797365439,33,0.382042387880151,"Kidney","PD-1/PD-L1",0.963552678977127
"PFS","CXCL10","ICB_small_Miao",0.0541227487448054,0.407779593760505,33,0.894410478546084,"Kidney","PD-1/PD-L1",0.963552678977127
"PFS","CXCL11","ICB_small_Miao",0.0226600276625389,0.49588818824977,33,0.963552678977127,"Kidney","PD-1/PD-L1",0.963552678977127
"PFS","TIGIT","ICB_small_Miao",0.0376938349402783,0.708630901137573,33,0.95757854733303,"Kidney","PD-1/PD-L1",0.963552678977127
