"Outcome","Gene","Study","Coef","SE","N","Pval","Cancer_type","Treatment","FDR"
"PFS","STAT1","ICB_small_Miao",0.488484978607417,0.66319486617222,33,0.461387978874968,"Kidney","PD-1/PD-L1",0.894410478546084
"PFS","CXCL9","ICB_small_Miao",-0.226276232861021,0.407133631939404,33,0.578362094202237,"Kidney","PD-1/PD-L1",0.894410478546084
"PFS","CD8A","ICB_small_Miao",0.220883246210775,0.694137767689007,33,0.7503238260882,"Kidney","PD-1/PD-L1",0.894410478546084
"PFS","CXCL10","ICB_small_Miao",0.0541227487448054,0.407779593760505,33,0.894410478546084,"Kidney","PD-1/PD-L1",0.894410478546084
