"Outcome","Gene","Study","Coef","SE","N","Pval","Cancer_type","Treatment","FDR"
"PFS","CTLA4","ICB_small_Van_Allen",-0.589814067620098,0.186769765553996,42,0.00158869714896465,"Melanoma","CTLA4",0.0142982743406819
"PFS","CXCL13","ICB_small_Van_Allen",-0.459868585594054,0.202023935431773,42,0.0228276156318441,"Melanoma","CTLA4",0.0684828468955322
"PFS","TIGIT","ICB_small_Van_Allen",-0.446839208646269,0.190741189323681,42,0.0191475073373976,"Melanoma","CTLA4",0.0684828468955322
"PFS","CD83","ICB_small_Van_Allen",-0.299379455971946,0.165652659436699,42,0.0707198392268604,"Melanoma","CTLA4",0.146880353411796
"PFS","CXCL9","ICB_small_Van_Allen",-0.321841427587971,0.192855882648213,42,0.0951533934562222,"Melanoma","CTLA4",0.146880353411796
"PFS","CD8A","ICB_small_Van_Allen",-0.338304242320649,0.204410844159223,42,0.0979202356078637,"Melanoma","CTLA4",0.146880353411796
"PFS","STAT1","ICB_small_Van_Allen",-0.268102620015946,0.179111208353143,42,0.134432281460376,"Melanoma","CTLA4",0.151236316642923
"PFS","CXCL10","ICB_small_Van_Allen",-0.298689665261312,0.192956449590919,42,0.121630929613021,"Melanoma","CTLA4",0.151236316642923
"PFS","CXCL11","ICB_small_Van_Allen",0.00376457892358165,0.180429570176559,42,0.983353718132015,"Melanoma","CTLA4",0.983353718132015
