"Outcome","Gene","Study","Coef","SE","N","Pval","Cancer_type","Treatment","FDR"
"OS","CD8A","ICB_small_Van_Allen",-0.513765410328385,0.199955538086284,42,0.0101875303347096,"Melanoma","CTLA4",0.0229219432530967
"OS","CXCL13","ICB_small_Van_Allen",-0.467206097637995,0.172524423310059,42,0.00676782494149893,"Melanoma","CTLA4",0.0229219432530967
"OS","CTLA4","ICB_small_Van_Allen",-0.427856143171956,0.166250414194225,42,0.0100656919751496,"Melanoma","CTLA4",0.0229219432530967
"OS","TIGIT","ICB_small_Van_Allen",-0.432682185451532,0.164284919546194,42,0.0084452518067702,"Melanoma","CTLA4",0.0229219432530967
"OS","CXCL9","ICB_small_Van_Allen",-0.3980895326506,0.181371230776564,42,0.0281716349363936,"Melanoma","CTLA4",0.0507089428855085
"OS","STAT1","ICB_small_Van_Allen",-0.380089308880207,0.201405655488262,42,0.0591357295511055,"Melanoma","CTLA4",0.0887035943266583
"OS","CD83","ICB_small_Van_Allen",-0.277758988510004,0.157996494551171,42,0.0787462696922139,"Melanoma","CTLA4",0.101245203889989
"OS","CXCL10","ICB_small_Van_Allen",-0.260463133203498,0.173778920254556,42,0.133920615470526,"Melanoma","CTLA4",0.150660692404342
"OS","CXCL11","ICB_small_Van_Allen",-0.0546474105906225,0.191570795772212,42,0.775445253958734,"Melanoma","CTLA4",0.775445253958734
