"Outcome","Gene","Study","Coef","SE","N","Pval","Cancer_type","Treatment","FDR"
"OS","STAT1","ICB_small_Liu",-0.0304906217606345,0.176170043498959,74,0.862592513496558,"Melanoma","PD-1/PD-L1",0.951138211241739
"OS","CXCL9","ICB_small_Liu",-0.0986451286066084,0.167919897260177,74,0.556899182666442,"Melanoma","PD-1/PD-L1",0.951138211241739
"OS","CD8A","ICB_small_Liu",-0.0109202378680502,0.178209591663678,74,0.951138211241739,"Melanoma","PD-1/PD-L1",0.951138211241739
"OS","CXCL10","ICB_small_Liu",-0.0959589587691065,0.181847363771674,74,0.597714807546367,"Melanoma","PD-1/PD-L1",0.951138211241739
