"Outcome","Gene","Study","Coef","SE","N","Pval","Cancer_type","Treatment","FDR"
"OS","CXCL9","ICB_small_Mariathasan",-0.347388789111072,0.0832177997946628,195,2.9870295276887e-05,"Bladder","PD-1/PD-L1",0.000119481181107548
"OS","CD8A","ICB_small_Mariathasan",-0.275688765543212,0.0838719849689667,195,0.00101254184549074,"Bladder","PD-1/PD-L1",0.00202508369098149
"OS","CXCL10","ICB_small_Mariathasan",-0.254651905056743,0.0821911278445947,195,0.00194641215818966,"Bladder","PD-1/PD-L1",0.00259521621091955
"OS","STAT1","ICB_small_Mariathasan",-0.239498311194227,0.0897665267461965,195,0.00763011770105016,"Bladder","PD-1/PD-L1",0.00763011770105016
