"Outcome","Gene","Study","Coef","SE","N","Pval","Cancer_type","Treatment","FDR"
"OS","CD8A","ICB_small_Padron",-0.420668105328402,0.193319014304383,45,0.0295529668746049,"Pancreas","PD-1/PD-L1",0.11821186749842
"OS","STAT1","ICB_small_Padron",0.0912888807373382,0.164530232986615,45,0.579000253520936,"Pancreas","PD-1/PD-L1",0.737429855100814
"OS","CXCL9","ICB_small_Padron",-0.132830264939903,0.195871614454271,45,0.497676818985105,"Pancreas","PD-1/PD-L1",0.737429855100814
"OS","CXCL10","ICB_small_Padron",0.0623711928740839,0.186038932395123,45,0.737429855100814,"Pancreas","PD-1/PD-L1",0.737429855100814
