"Outcome","Gene","Study","Coef","SE","N","Pval","Cancer_type","Treatment","FDR"
"PFS","CD8A","ICB_small_Padron",-0.472294511554335,0.185230159254726,45,0.010779365909577,"Pancreas","PD-1/PD-L1",0.0431174636383081
"PFS","CXCL9","ICB_small_Padron",-0.342761875327948,0.168451875370158,45,0.0418733918062702,"Pancreas","PD-1/PD-L1",0.0837467836125405
"PFS","CXCL10","ICB_small_Padron",-0.178078821713646,0.173216307001328,45,0.30391599707637,"Pancreas","PD-1/PD-L1",0.40522132943516
"PFS","STAT1","ICB_small_Padron",-0.0916620783553635,0.155601816336606,45,0.555806917712679,"Pancreas","PD-1/PD-L1",0.555806917712679
