"Outcome","Gene","Study","Coef","SE","N","Pval","Cancer_type","Treatment","FDR"
"OS","STAT1","ICB_small_Nathanson",-0.540468070263192,0.233246837591582,24,0.0204955246402868,"Melanoma","CTLA4",0.0343705232989892
"OS","CXCL9","ICB_small_Nathanson",-0.540084038039966,0.25527466847794,24,0.0343705232989892,"Melanoma","CTLA4",0.0343705232989892
"OS","CD8A","ICB_small_Nathanson",-0.564504708303698,0.255748787239605,24,0.0272957253357595,"Melanoma","CTLA4",0.0343705232989892
"OS","CXCL10","ICB_small_Nathanson",-0.594253846133706,0.250434427523647,24,0.0176494244121237,"Melanoma","CTLA4",0.0343705232989892
