"Outcome","Gene","Study","Coef","SE","N","Pval","Cancer_type","Treatment","FDR"
"OS","STAT1","ICB_small_Miao",0.00772265136417045,0.291839636115028,33,0.978888867418802,"Kidney","PD-1/PD-L1",0.978888867418802
"OS","CXCL9","ICB_small_Miao",-0.0772959872669841,0.218735142169052,33,0.723805761438745,"Kidney","PD-1/PD-L1",0.978888867418802
"OS","CD8A","ICB_small_Miao",-0.00773291859637905,0.251578283844143,33,0.975478786029341,"Kidney","PD-1/PD-L1",0.978888867418802
"OS","CXCL10","ICB_small_Miao",-0.0567656377266189,0.225527066672684,33,0.801271328755207,"Kidney","PD-1/PD-L1",0.978888867418802
