"Outcome","Gene","Study","Coef","SE","N","Pval","Cancer_type","Treatment","FDR"
"OS","STAT1","ICB_small_Hugo",0.149701973965613,0.27532248893928,26,0.586625092528801,"Melanoma","PD-1/PD-L1",0.787054534452946
"OS","CXCL9","ICB_small_Hugo",0.159728644219399,0.309049061286465,26,0.605268470474713,"Melanoma","PD-1/PD-L1",0.787054534452946
"OS","CD8A","ICB_small_Hugo",0.0822617524710108,0.304518168205227,26,0.787054534452946,"Melanoma","PD-1/PD-L1",0.787054534452946
"OS","CXCL10","ICB_small_Hugo",0.141862199804685,0.307410326323952,26,0.644457808200617,"Melanoma","PD-1/PD-L1",0.787054534452946
