"Outcome","Gene","Study","Coef","SE","N","Pval","Cancer_type","Treatment","FDR"
"PFS","STAT1","ICB_small_Liu",-0.0818085292938318,0.146134709099115,74,0.575605037777398,"Melanoma","PD-1/PD-L1",0.767473383703198
"PFS","CD8A","ICB_small_Liu",-0.113236308533557,0.131376926746235,74,0.388731928478558,"Melanoma","PD-1/PD-L1",0.767473383703198
"PFS","CXCL10","ICB_small_Liu",-0.145173548358986,0.139895750708726,74,0.299397335329415,"Melanoma","PD-1/PD-L1",0.767473383703198
"PFS","CXCL9","ICB_small_Liu",-0.0374887860714779,0.138293633603547,74,0.786328681164689,"Melanoma","PD-1/PD-L1",0.786328681164689
