"Outcome","Gene","Study","Coef","SE","N","Pval","Cancer_type","Treatment","FDR"
"OS","STAT1","ICB_small_Nathanson",-0.540468070263192,0.233246837591582,24,0.0204955246402868,"Melanoma","CTLA4",0.0618669419381806
"OS","CXCL9","ICB_small_Nathanson",-0.540084038039966,0.25527466847794,24,0.0343705232989892,"Melanoma","CTLA4",0.0618669419381806
"OS","CD8A","ICB_small_Nathanson",-0.564504708303698,0.255748787239605,24,0.0272957253357595,"Melanoma","CTLA4",0.0618669419381806
"OS","CXCL10","ICB_small_Nathanson",-0.594253846133706,0.250434427523647,24,0.0176494244121237,"Melanoma","CTLA4",0.0618669419381806
"OS","TIGIT","ICB_small_Nathanson",-0.57029529619687,0.263078648348896,24,0.0301758158500355,"Melanoma","CTLA4",0.0618669419381806
"OS","CXCL11","ICB_small_Nathanson",-0.480356640413069,0.236646812532634,24,0.0423721720423491,"Melanoma","CTLA4",0.0635582580635237
"OS","CXCL13","ICB_small_Nathanson",-0.468870418540142,0.272233365064273,24,0.0850132630814074,"Melanoma","CTLA4",0.109302766818952
"OS","CTLA4","ICB_small_Nathanson",-0.343354545522266,0.252135244670784,24,0.173265056449556,"Melanoma","CTLA4",0.19492318850575
"OS","CD83","ICB_small_Nathanson",0.129927619720702,0.276590691448237,24,0.638535856181495,"Melanoma","CTLA4",0.638535856181495
