"Outcome","Gene","Study","Coef","SE","N","Pval","Cancer_type","Treatment","FDR"
"PFS","STAT1","ICB_small_Van_Allen",-0.268102620015946,0.179111208353143,42,0.134432281460376,"Melanoma","CTLA4",0.134432281460376
"PFS","CXCL9","ICB_small_Van_Allen",-0.321841427587971,0.192855882648213,42,0.0951533934562222,"Melanoma","CTLA4",0.134432281460376
"PFS","CD8A","ICB_small_Van_Allen",-0.338304242320649,0.204410844159223,42,0.0979202356078637,"Melanoma","CTLA4",0.134432281460376
"PFS","CXCL10","ICB_small_Van_Allen",-0.298689665261312,0.192956449590919,42,0.121630929613021,"Melanoma","CTLA4",0.134432281460376
