"Outcome","Gene","Study","Coef","SE","N","Pval","Cancer_type","Treatment","FDR"
"OS","CD8A","ICB_small_Van_Allen",-0.513765410328385,0.199955538086284,42,0.0101875303347096,"Melanoma","CTLA4",0.0407501213388385
"OS","CXCL9","ICB_small_Van_Allen",-0.3980895326506,0.181371230776564,42,0.0281716349363936,"Melanoma","CTLA4",0.0563432698727873
"OS","STAT1","ICB_small_Van_Allen",-0.380089308880207,0.201405655488262,42,0.0591357295511055,"Melanoma","CTLA4",0.078847639401474
"OS","CXCL10","ICB_small_Van_Allen",-0.260463133203498,0.173778920254556,42,0.133920615470526,"Melanoma","CTLA4",0.133920615470526
